day,hour,service,demand
0,0,api,94
0,0,auth,46
0,0,payment,42
0,0,database,123
0,0,report,21
0,1,api,87
0,1,auth,63
0,1,payment,43
0,1,database,103
0,1,report,29
0,2,api,85
0,2,auth,43
0,2,payment,38
0,2,database,88
0,2,report,6
0,3,api,84
0,3,auth,37
0,3,payment,39
0,3,database,98
0,3,report,9
0,4,api,104
0,4,auth,45
0,4,payment,36
0,4,database,93
0,4,report,18
0,5,api,91
0,5,auth,36
0,5,payment,39
0,5,database,101
0,5,report,21
0,6,api,83
0,6,auth,66
0,6,payment,35
0,6,database,97
0,6,report,32
0,7,api,77
0,7,auth,50
0,7,payment,16
0,7,database,94
0,7,report,25
0,8,api,97
0,8,auth,49
0,8,payment,34
0,8,database,104
0,8,report,9
0,9,api,217
0,9,auth,115
0,9,payment,100
0,9,database,273
0,9,report,42
0,10,api,228
0,10,auth,116
0,10,payment,83
0,10,database,276
0,10,report,70
0,11,api,234
0,11,auth,111
0,11,payment,86
0,11,database,273
0,11,report,69
0,12,api,287
0,12,auth,154
0,12,payment,105
0,12,database,339
0,12,report,86
0,13,api,306
0,13,auth,155
0,13,payment,127
0,13,database,354
0,13,report,71
0,14,api,296
0,14,auth,171
0,14,payment,116
0,14,database,366
0,14,report,51
0,15,api,233
0,15,auth,120
0,15,payment,87
0,15,database,270
0,15,report,40
0,16,api,222
0,16,auth,123
0,16,payment,104
0,16,database,264
0,16,report,51
0,17,api,219
0,17,auth,129
0,17,payment,93
0,17,database,264
0,17,report,65
0,18,api,225
0,18,auth,129
0,18,payment,82
0,18,database,266
0,18,report,56
0,19,api,75
0,19,auth,50
0,19,payment,38
0,19,database,108
0,19,report,21
0,20,api,75
0,20,auth,43
0,20,payment,32
0,20,database,99
0,20,report,22
0,21,api,94
0,21,auth,66
0,21,payment,37
0,21,database,110
0,21,report,23
0,22,api,70
0,22,auth,47
0,22,payment,36
0,22,database,132
0,22,report,22
0,23,api,93
0,23,auth,47
0,23,payment,24
0,23,database,119
0,23,report,31
1,0,api,97
1,0,auth,38
1,0,payment,50
1,0,database,93
1,0,report,29
1,1,api,111
1,1,auth,38
1,1,payment,30
1,1,database,108
1,1,report,18
1,2,api,74
1,2,auth,48
1,2,payment,25
1,2,database,112
1,2,report,14
1,3,api,105
1,3,auth,40
1,3,payment,32
1,3,database,116
1,3,report,11
1,4,api,92
1,4,auth,61
1,4,payment,19
1,4,database,109
1,4,report,26
1,5,api,97
1,5,auth,35
1,5,payment,22
1,5,database,113
1,5,report,26
1,6,api,92
1,6,auth,51
1,6,payment,29
1,6,database,110
1,6,report,26
1,7,api,82
1,7,auth,66
1,7,payment,40
1,7,database,96
1,7,report,30
1,8,api,80
1,8,auth,55
1,8,payment,47
1,8,database,99
1,8,report,33
1,9,api,229
1,9,auth,128
1,9,payment,108
1,9,database,267
1,9,report,52
1,10,api,216
1,10,auth,111
1,10,payment,89
1,10,database,273
1,10,report,62
1,11,api,233
1,11,auth,120
1,11,payment,104
1,11,database,267
1,11,report,87
1,12,api,298
1,12,auth,147
1,12,payment,106
1,12,database,355
1,12,report,75
1,13,api,299
1,13,auth,160
1,13,payment,116
1,13,database,342
1,13,report,62
1,14,api,288
1,14,auth,164
1,14,payment,119
1,14,database,338
1,14,report,79
1,15,api,228
1,15,auth,111
1,15,payment,91
1,15,database,270
1,15,report,48
1,16,api,228
1,16,auth,125
1,16,payment,100
1,16,database,280
1,16,report,46
1,17,api,215
1,17,auth,125
1,17,payment,95
1,17,database,275
1,17,report,98
1,18,api,230
1,18,auth,131
1,18,payment,99
1,18,database,276
1,18,report,56
1,19,api,97
1,19,auth,40
1,19,payment,33
1,19,database,103
1,19,report,24
1,20,api,113
1,20,auth,29
1,20,payment,42
1,20,database,91
1,20,report,19
1,21,api,100
1,21,auth,48
1,21,payment,25
1,21,database,100
1,21,report,30
1,22,api,82
1,22,auth,50
1,22,payment,36
1,22,database,101
1,22,report,45
1,23,api,96
1,23,auth,27
1,23,payment,37
1,23,database,101
1,23,report,32
2,0,api,82
2,0,auth,46
2,0,payment,41
2,0,database,116
2,0,report,11
2,1,api,86
2,1,auth,43
2,1,payment,29
2,1,database,125
2,1,report,28
2,2,api,77
2,2,auth,57
2,2,payment,57
2,2,database,118
2,2,report,8
2,3,api,85
2,3,auth,60
2,3,payment,28
2,3,database,112
2,3,report,31
2,4,api,80
2,4,auth,47
2,4,payment,3
2,4,database,97
2,4,report,21
2,5,api,77
2,5,auth,64
2,5,payment,21
2,5,database,103
2,5,report,25
2,6,api,104
2,6,auth,33
2,6,payment,47
2,6,database,108
2,6,report,14
2,7,api,94
2,7,auth,49
2,7,payment,29
2,7,database,108
2,7,report,20
2,8,api,91
2,8,auth,54
2,8,payment,51
2,8,database,95
2,8,report,45
2,9,api,205
2,9,auth,118
2,9,payment,95
2,9,database,272
2,9,report,53
2,10,api,222
2,10,auth,115
2,10,payment,84
2,10,database,278
2,10,report,63
2,11,api,218
2,11,auth,128
2,11,payment,93
2,11,database,278
2,11,report,66
2,12,api,284
2,12,auth,150
2,12,payment,124
2,12,database,357
2,12,report,77
2,13,api,293
2,13,auth,168
2,13,payment,111
2,13,database,356
2,13,report,75
2,14,api,290
2,14,auth,166
2,14,payment,125
2,14,database,359
2,14,report,91
2,15,api,225
2,15,auth,126
2,15,payment,86
2,15,database,273
2,15,report,58
2,16,api,225
2,16,auth,125
2,16,payment,81
2,16,database,290
2,16,report,49
2,17,api,212
2,17,auth,131
2,17,payment,97
2,17,database,276
2,17,report,66
2,18,api,224
2,18,auth,111
2,18,payment,90
2,18,database,263
2,18,report,69
2,19,api,88
2,19,auth,39
2,19,payment,32
2,19,database,112
2,19,report,18
2,20,api,81
2,20,auth,50
2,20,payment,38
2,20,database,102
2,20,report,19
2,21,api,92
2,21,auth,33
2,21,payment,21
2,21,database,100
2,21,report,21
2,22,api,93
2,22,auth,62
2,22,payment,44
2,22,database,106
2,22,report,23
2,23,api,79
2,23,auth,47
2,23,payment,33
2,23,database,111
2,23,report,15
3,0,api,95
3,0,auth,63
3,0,payment,34
3,0,database,112
3,0,report,30
3,1,api,85
3,1,auth,50
3,1,payment,36
3,1,database,108
3,1,report,16
3,2,api,90
3,2,auth,52
3,2,payment,50
3,2,database,117
3,2,report,45
3,3,api,82
3,3,auth,56
3,3,payment,37
3,3,database,129
3,3,report,15
3,4,api,81
3,4,auth,42
3,4,payment,14
3,4,database,102
3,4,report,16
3,5,api,91
3,5,auth,51
3,5,payment,54
3,5,database,117
3,5,report,18
3,6,api,81
3,6,auth,52
3,6,payment,22
3,6,database,126
3,6,report,35
3,7,api,85
3,7,auth,30
3,7,payment,49
3,7,database,106
3,7,report,36
3,8,api,74
3,8,auth,42
3,8,payment,36
3,8,database,108
3,8,report,19
3,9,api,231
3,9,auth,109
3,9,payment,88
3,9,database,271
3,9,report,65
3,10,api,232
3,10,auth,108
3,10,payment,74
3,10,database,282
3,10,report,63
3,11,api,217
3,11,auth,135
3,11,payment,91
3,11,database,281
3,11,report,60
3,12,api,313
3,12,auth,173
3,12,payment,114
3,12,database,360
3,12,report,84
3,13,api,306
3,13,auth,146
3,13,payment,123
3,13,database,361
3,13,report,60
3,14,api,280
3,14,auth,135
3,14,payment,114
3,14,database,358
3,14,report,93
3,15,api,225
3,15,auth,136
3,15,payment,76
3,15,database,252
3,15,report,59
3,16,api,228
3,16,auth,119
3,16,payment,69
3,16,database,269
3,16,report,46
3,17,api,231
3,17,auth,123
3,17,payment,80
3,17,database,264
3,17,report,49
3,18,api,224
3,18,auth,129
3,18,payment,80
3,18,database,275
3,18,report,54
3,19,api,82
3,19,auth,46
3,19,payment,25
3,19,database,102
3,19,report,12
3,20,api,109
3,20,auth,48
3,20,payment,29
3,20,database,110
3,20,report,22
3,21,api,87
3,21,auth,54
3,21,payment,43
3,21,database,102
3,21,report,18
3,22,api,87
3,22,auth,24
3,22,payment,20
3,22,database,121
3,22,report,40
3,23,api,87
3,23,auth,53
3,23,payment,39
3,23,database,138
3,23,report,35
4,0,api,88
4,0,auth,38
4,0,payment,19
4,0,database,110
4,0,report,16
4,1,api,75
4,1,auth,41
4,1,payment,25
4,1,database,124
4,1,report,32
4,2,api,89
4,2,auth,62
4,2,payment,36
4,2,database,99
4,2,report,39
4,3,api,95
4,3,auth,37
4,3,payment,34
4,3,database,99
4,3,report,10
4,4,api,99
4,4,auth,67
4,4,payment,22
4,4,database,113
4,4,report,17
4,5,api,85
4,5,auth,42
4,5,payment,27
4,5,database,108
4,5,report,15
4,6,api,92
4,6,auth,47
4,6,payment,33
4,6,database,98
4,6,report,18
4,7,api,97
4,7,auth,53
4,7,payment,26
4,7,database,108
4,7,report,31
4,8,api,73
4,8,auth,53
4,8,payment,29
4,8,database,113
4,8,report,16
4,9,api,206
4,9,auth,103
4,9,payment,90
4,9,database,272
4,9,report,50
4,10,api,231
4,10,auth,103
4,10,payment,89
4,10,database,257
4,10,report,53
4,11,api,225
4,11,auth,111
4,11,payment,86
4,11,database,280
4,11,report,54
4,12,api,300
4,12,auth,144
4,12,payment,122
4,12,database,365
4,12,report,53
4,13,api,284
4,13,auth,161
4,13,payment,114
4,13,database,354
4,13,report,71
4,14,api,293
4,14,auth,154
4,14,payment,128
4,14,database,353
4,14,report,81
4,15,api,220
4,15,auth,115
4,15,payment,85
4,15,database,273
4,15,report,55
4,16,api,227
4,16,auth,140
4,16,payment,98
4,16,database,266
4,16,report,72
4,17,api,220
4,17,auth,99
4,17,payment,79
4,17,database,251
4,17,report,56
4,18,api,225
4,18,auth,136
4,18,payment,93
4,18,database,267
4,18,report,68
4,19,api,67
4,19,auth,50
4,19,payment,43
4,19,database,93
4,19,report,35
4,20,api,93
4,20,auth,43
4,20,payment,42
4,20,database,130
4,20,report,25
4,21,api,92
4,21,auth,43
4,21,payment,27
4,21,database,116
4,21,report,15
4,22,api,90
4,22,auth,43
4,22,payment,40
4,22,database,111
4,22,report,34
4,23,api,84
4,23,auth,45
4,23,payment,26
4,23,database,103
4,23,report,27
5,0,api,97
5,0,auth,38
5,0,payment,44
5,0,database,121
5,0,report,28
5,1,api,108
5,1,auth,40
5,1,payment,23
5,1,database,90
5,1,report,38
5,2,api,96
5,2,auth,47
5,2,payment,38
5,2,database,96
5,2,report,48
5,3,api,91
5,3,auth,49
5,3,payment,43
5,3,database,112
5,3,report,26
5,4,api,82
5,4,auth,52
5,4,payment,54
5,4,database,121
5,4,report,39
5,5,api,84
5,5,auth,38
5,5,payment,34
5,5,database,108
5,5,report,34
5,6,api,73
5,6,auth,63
5,6,payment,34
5,6,database,103
5,6,report,13
5,7,api,73
5,7,auth,56
5,7,payment,36
5,7,database,95
5,7,report,11
5,8,api,86
5,8,auth,64
5,8,payment,33
5,8,database,92
5,8,report,21
5,9,api,222
5,9,auth,93
5,9,payment,89
5,9,database,267
5,9,report,66
5,10,api,243
5,10,auth,131
5,10,payment,87
5,10,database,258
5,10,report,85
5,11,api,225
5,11,auth,120
5,11,payment,89
5,11,database,271
5,11,report,58
5,12,api,286
5,12,auth,150
5,12,payment,116
5,12,database,345
5,12,report,70
5,13,api,293
5,13,auth,153
5,13,payment,132
5,13,database,324
5,13,report,88
5,14,api,304
5,14,auth,135
5,14,payment,113
5,14,database,347
5,14,report,63
5,15,api,217
5,15,auth,108
5,15,payment,107
5,15,database,279
5,15,report,72
5,16,api,232
5,16,auth,108
5,16,payment,84
5,16,database,274
5,16,report,47
5,17,api,232
5,17,auth,117
5,17,payment,86
5,17,database,277
5,17,report,64
5,18,api,221
5,18,auth,131
5,18,payment,79
5,18,database,276
5,18,report,65
5,19,api,86
5,19,auth,51
5,19,payment,23
5,19,database,117
5,19,report,22
5,20,api,84
5,20,auth,58
5,20,payment,28
5,20,database,93
5,20,report,8
5,21,api,96
5,21,auth,35
5,21,payment,53
5,21,database,87
5,21,report,40
5,22,api,92
5,22,auth,47
5,22,payment,30
5,22,database,111
5,22,report,23
5,23,api,101
5,23,auth,49
5,23,payment,37
5,23,database,104
5,23,report,23
6,0,api,93
6,0,auth,30
6,0,payment,22
6,0,database,115
6,0,report,25
6,1,api,88
6,1,auth,48
6,1,payment,39
6,1,database,102
6,1,report,16
6,2,api,91
6,2,auth,38
6,2,payment,40
6,2,database,90
6,2,report,34
6,3,api,94
6,3,auth,50
6,3,payment,45
6,3,database,124
6,3,report,34
6,4,api,71
6,4,auth,35
6,4,payment,29
6,4,database,108
6,4,report,29
6,5,api,82
6,5,auth,49
6,5,payment,28
6,5,database,101
6,5,report,9
6,6,api,80
6,6,auth,34
6,6,payment,26
6,6,database,118
6,6,report,14
6,7,api,116
6,7,auth,52
6,7,payment,37
6,7,database,99
6,7,report,31
6,8,api,84
6,8,auth,49
6,8,payment,61
6,8,database,107
6,8,report,35
6,9,api,217
6,9,auth,119
6,9,payment,107
6,9,database,263
6,9,report,78
6,10,api,232
6,10,auth,114
6,10,payment,96
6,10,database,279
6,10,report,66
6,11,api,209
6,11,auth,112
6,11,payment,87
6,11,database,269
6,11,report,66
6,12,api,294
6,12,auth,142
6,12,payment,120
6,12,database,357
6,12,report,83
6,13,api,303
6,13,auth,164
6,13,payment,121
6,13,database,350
6,13,report,61
6,14,api,296
6,14,auth,158
6,14,payment,119
6,14,database,338
6,14,report,67
6,15,api,235
6,15,auth,119
6,15,payment,96
6,15,database,270
6,15,report,60
6,16,api,234
6,16,auth,114
6,16,payment,90
6,16,database,265
6,16,report,55
6,17,api,221
6,17,auth,122
6,17,payment,85
6,17,database,282
6,17,report,51
6,18,api,223
6,18,auth,115
6,18,payment,104
6,18,database,271
6,18,report,70
6,19,api,75
6,19,auth,50
6,19,payment,44
6,19,database,108
6,19,report,34
6,20,api,84
6,20,auth,62
6,20,payment,58
6,20,database,104
6,20,report,19
6,21,api,104
6,21,auth,63
6,21,payment,30
6,21,database,103
6,21,report,21
6,22,api,76
6,22,auth,38
6,22,payment,25
6,22,database,100
6,22,report,23
6,23,api,92
6,23,auth,63
6,23,payment,26
6,23,database,117
6,23,report,21
7,0,api,89
7,0,auth,54
7,0,payment,24
7,0,database,111
7,0,report,25
7,1,api,94
7,1,auth,50
7,1,payment,60
7,1,database,101
7,1,report,18
7,2,api,83
7,2,auth,42
7,2,payment,29
7,2,database,119
7,2,report,38
7,3,api,84
7,3,auth,39
7,3,payment,40
7,3,database,102
7,3,report,30
7,4,api,92
7,4,auth,32
7,4,payment,51
7,4,database,125
7,4,report,17
7,5,api,86
7,5,auth,50
7,5,payment,39
7,5,database,114
7,5,report,44
7,6,api,88
7,6,auth,40
7,6,payment,22
7,6,database,100
7,6,report,23
7,7,api,107
7,7,auth,42
7,7,payment,38
7,7,database,107
7,7,report,35
7,8,api,115
7,8,auth,42
7,8,payment,31
7,8,database,118
7,8,report,30
7,9,api,243
7,9,auth,125
7,9,payment,86
7,9,database,275
7,9,report,71
7,10,api,233
7,10,auth,125
7,10,payment,100
7,10,database,281
7,10,report,73
7,11,api,231
7,11,auth,118
7,11,payment,91
7,11,database,282
7,11,report,51
7,12,api,296
7,12,auth,152
7,12,payment,117
7,12,database,363
7,12,report,79
7,13,api,292
7,13,auth,142
7,13,payment,124
7,13,database,357
7,13,report,99
7,14,api,289
7,14,auth,158
7,14,payment,119
7,14,database,366
7,14,report,77
7,15,api,227
7,15,auth,126
7,15,payment,91
7,15,database,265
7,15,report,61
7,16,api,235
7,16,auth,109
7,16,payment,91
7,16,database,262
7,16,report,71
7,17,api,209
7,17,auth,114
7,17,payment,93
7,17,database,285
7,17,report,59
7,18,api,219
7,18,auth,138
7,18,payment,75
7,18,database,248
7,18,report,64
7,19,api,84
7,19,auth,37
7,19,payment,43
7,19,database,110
7,19,report,18
7,20,api,77
7,20,auth,56
7,20,payment,42
7,20,database,107
7,20,report,42
7,21,api,79
7,21,auth,32
7,21,payment,29
7,21,database,107
7,21,report,26
7,22,api,87
7,22,auth,51
7,22,payment,23
7,22,database,122
7,22,report,23
7,23,api,101
7,23,auth,51
7,23,payment,40
7,23,database,113
7,23,report,28
8,0,api,96
8,0,auth,61
8,0,payment,37
8,0,database,115
8,0,report,23
8,1,api,104
8,1,auth,41
8,1,payment,54
8,1,database,107
8,1,report,9
8,2,api,91
8,2,auth,41
8,2,payment,44
8,2,database,101
8,2,report,19
8,3,api,71
8,3,auth,43
8,3,payment,11
8,3,database,92
8,3,report,31
8,4,api,97
8,4,auth,52
8,4,payment,26
8,4,database,107
8,4,report,23
8,5,api,78
8,5,auth,63
8,5,payment,44
8,5,database,105
8,5,report,24
8,6,api,92
8,6,auth,27
8,6,payment,33
8,6,database,101
8,6,report,13
8,7,api,87
8,7,auth,65
8,7,payment,42
8,7,database,102
8,7,report,29
8,8,api,103
8,8,auth,57
8,8,payment,36
8,8,database,101
8,8,report,30
8,9,api,228
8,9,auth,128
8,9,payment,96
8,9,database,280
8,9,report,54
8,10,api,238
8,10,auth,121
8,10,payment,110
8,10,database,263
8,10,report,77
8,11,api,226
8,11,auth,113
8,11,payment,85
8,11,database,266
8,11,report,64
8,12,api,297
8,12,auth,150
8,12,payment,116
8,12,database,372
8,12,report,95
8,13,api,296
8,13,auth,156
8,13,payment,118
8,13,database,357
8,13,report,67
8,14,api,289
8,14,auth,139
8,14,payment,120
8,14,database,357
8,14,report,73
8,15,api,240
8,15,auth,107
8,15,payment,75
8,15,database,272
8,15,report,70
8,16,api,241
8,16,auth,115
8,16,payment,100
8,16,database,269
8,16,report,58
8,17,api,233
8,17,auth,126
8,17,payment,74
8,17,database,284
8,17,report,73
8,18,api,218
8,18,auth,123
8,18,payment,94
8,18,database,272
8,18,report,54
8,19,api,83
8,19,auth,47
8,19,payment,47
8,19,database,113
8,19,report,20
8,20,api,97
8,20,auth,19
8,20,payment,47
8,20,database,90
8,20,report,20
8,21,api,78
8,21,auth,35
8,21,payment,47
8,21,database,103
8,21,report,27
8,22,api,89
8,22,auth,52
8,22,payment,36
8,22,database,95
8,22,report,33
8,23,api,85
8,23,auth,32
8,23,payment,31
8,23,database,123
8,23,report,32
9,0,api,86
9,0,auth,44
9,0,payment,32
9,0,database,128
9,0,report,27
9,1,api,94
9,1,auth,58
9,1,payment,38
9,1,database,105
9,1,report,22
9,2,api,89
9,2,auth,47
9,2,payment,43
9,2,database,108
9,2,report,31
9,3,api,89
9,3,auth,48
9,3,payment,16
9,3,database,117
9,3,report,27
9,4,api,99
9,4,auth,19
9,4,payment,56
9,4,database,106
9,4,report,35
9,5,api,79
9,5,auth,54
9,5,payment,25
9,5,database,101
9,5,report,43
9,6,api,88
9,6,auth,50
9,6,payment,44
9,6,database,112
9,6,report,25
9,7,api,93
9,7,auth,72
9,7,payment,35
9,7,database,110
9,7,report,34
9,8,api,101
9,8,auth,59
9,8,payment,42
9,8,database,96
9,8,report,40
9,9,api,213
9,9,auth,123
9,9,payment,82
9,9,database,269
9,9,report,63
9,10,api,228
9,10,auth,124
9,10,payment,106
9,10,database,274
9,10,report,57
9,11,api,234
9,11,auth,131
9,11,payment,77
9,11,database,275
9,11,report,67
9,12,api,289
9,12,auth,169
9,12,payment,115
9,12,database,352
9,12,report,76
9,13,api,292
9,13,auth,145
9,13,payment,102
9,13,database,366
9,13,report,69
9,14,api,282
9,14,auth,134
9,14,payment,110
9,14,database,337
9,14,report,94
9,15,api,235
9,15,auth,113
9,15,payment,112
9,15,database,279
9,15,report,56
9,16,api,200
9,16,auth,142
9,16,payment,76
9,16,database,253
9,16,report,70
9,17,api,249
9,17,auth,133
9,17,payment,95
9,17,database,275
9,17,report,68
9,18,api,232
9,18,auth,122
9,18,payment,91
9,18,database,269
9,18,report,52
9,19,api,87
9,19,auth,31
9,19,payment,35
9,19,database,98
9,19,report,12
9,20,api,91
9,20,auth,61
9,20,payment,45
9,20,database,92
9,20,report,14
9,21,api,99
9,21,auth,38
9,21,payment,33
9,21,database,113
9,21,report,14
9,22,api,91
9,22,auth,34
9,22,payment,29
9,22,database,111
9,22,report,8
9,23,api,94
9,23,auth,47
9,23,payment,41
9,23,database,110
9,23,report,37
10,0,api,91
10,0,auth,43
10,0,payment,37
10,0,database,113
10,0,report,24
10,1,api,90
10,1,auth,40
10,1,payment,29
10,1,database,93
10,1,report,41
10,2,api,77
10,2,auth,41
10,2,payment,28
10,2,database,116
10,2,report,21
10,3,api,102
10,3,auth,41
10,3,payment,38
10,3,database,99
10,3,report,45
10,4,api,78
10,4,auth,51
10,4,payment,42
10,4,database,112
10,4,report,22
10,5,api,88
10,5,auth,48
10,5,payment,34
10,5,database,117
10,5,report,46
10,6,api,84
10,6,auth,34
10,6,payment,35
10,6,database,133
10,6,report,15
10,7,api,106
10,7,auth,64
10,7,payment,30
10,7,database,113
10,7,report,40
10,8,api,86
10,8,auth,45
10,8,payment,30
10,8,database,97
10,8,report,17
10,9,api,212
10,9,auth,120
10,9,payment,82
10,9,database,272
10,9,report,44
10,10,api,228
10,10,auth,128
10,10,payment,70
10,10,database,273
10,10,report,72
10,11,api,212
10,11,auth,136
10,11,payment,94
10,11,database,262
10,11,report,59
10,12,api,298
10,12,auth,156
10,12,payment,122
10,12,database,341
10,12,report,79
10,13,api,278
10,13,auth,154
10,13,payment,107
10,13,database,343
10,13,report,90
10,14,api,303
10,14,auth,162
10,14,payment,106
10,14,database,347
10,14,report,90
10,15,api,226
10,15,auth,143
10,15,payment,93
10,15,database,271
10,15,report,56
10,16,api,226
10,16,auth,118
10,16,payment,97
10,16,database,279
10,16,report,52
10,17,api,211
10,17,auth,101
10,17,payment,95
10,17,database,258
10,17,report,38
10,18,api,228
10,18,auth,144
10,18,payment,89
10,18,database,278
10,18,report,60
10,19,api,89
10,19,auth,57
10,19,payment,33
10,19,database,110
10,19,report,27
10,20,api,83
10,20,auth,57
10,20,payment,34
10,20,database,100
10,20,report,29
10,21,api,81
10,21,auth,48
10,21,payment,35
10,21,database,118
10,21,report,28
10,22,api,89
10,22,auth,56
10,22,payment,49
10,22,database,113
10,22,report,24
10,23,api,76
10,23,auth,37
10,23,payment,32
10,23,database,101
10,23,report,22
11,0,api,90
11,0,auth,53
11,0,payment,35
11,0,database,112
11,0,report,24
11,1,api,70
11,1,auth,38
11,1,payment,34
11,1,database,95
11,1,report,29
11,2,api,105
11,2,auth,60
11,2,payment,33
11,2,database,122
11,2,report,25
11,3,api,86
11,3,auth,41
11,3,payment,32
11,3,database,104
11,3,report,25
11,4,api,91
11,4,auth,48
11,4,payment,40
11,4,database,119
11,4,report,33
11,5,api,75
11,5,auth,22
11,5,payment,45
11,5,database,94
11,5,report,21
11,6,api,78
11,6,auth,29
11,6,payment,41
11,6,database,115
11,6,report,18
11,7,api,64
11,7,auth,42
11,7,payment,39
11,7,database,93
11,7,report,25
11,8,api,89
11,8,auth,53
11,8,payment,37
11,8,database,98
11,8,report,35
11,9,api,223
11,9,auth,119
11,9,payment,80
11,9,database,265
11,9,report,51
11,10,api,223
11,10,auth,137
11,10,payment,76
11,10,database,253
11,10,report,74
11,11,api,222
11,11,auth,113
11,11,payment,100
11,11,database,263
11,11,report,78
11,12,api,299
11,12,auth,151
11,12,payment,138
11,12,database,344
11,12,report,85
11,13,api,295
11,13,auth,169
11,13,payment,132
11,13,database,351
11,13,report,70
11,14,api,297
11,14,auth,149
11,14,payment,137
11,14,database,352
11,14,report,74
11,15,api,226
11,15,auth,106
11,15,payment,80
11,15,database,282
11,15,report,53
11,16,api,214
11,16,auth,125
11,16,payment,101
11,16,database,277
11,16,report,69
11,17,api,217
11,17,auth,105
11,17,payment,105
11,17,database,266
11,17,report,57
11,18,api,238
11,18,auth,125
11,18,payment,94
11,18,database,291
11,18,report,53
11,19,api,99
11,19,auth,48
11,19,payment,38
11,19,database,123
11,19,report,29
11,20,api,95
11,20,auth,58
11,20,payment,32
11,20,database,99
11,20,report,13
11,21,api,70
11,21,auth,68
11,21,payment,24
11,21,database,105
11,21,report,21
11,22,api,93
11,22,auth,56
11,22,payment,44
11,22,database,102
11,22,report,22
11,23,api,92
11,23,auth,45
11,23,payment,52
11,23,database,112
11,23,report,31
12,0,api,96
12,0,auth,59
12,0,payment,37
12,0,database,95
12,0,report,27
12,1,api,83
12,1,auth,42
12,1,payment,41
12,1,database,120
12,1,report,24
12,2,api,93
12,2,auth,65
12,2,payment,38
12,2,database,134
12,2,report,29
12,3,api,72
12,3,auth,55
12,3,payment,39
12,3,database,120
12,3,report,30
12,4,api,88
12,4,auth,35
12,4,payment,33
12,4,database,99
12,4,report,18
12,5,api,95
12,5,auth,64
12,5,payment,39
12,5,database,96
12,5,report,28
12,6,api,101
12,6,auth,41
12,6,payment,34
12,6,database,108
12,6,report,16
12,7,api,96
12,7,auth,46
12,7,payment,40
12,7,database,99
12,7,report,19
12,8,api,97
12,8,auth,44
12,8,payment,53
12,8,database,104
12,8,report,26
12,9,api,234
12,9,auth,105
12,9,payment,72
12,9,database,254
12,9,report,72
12,10,api,219
12,10,auth,145
12,10,payment,84
12,10,database,271
12,10,report,75
12,11,api,245
12,11,auth,140
12,11,payment,102
12,11,database,280
12,11,report,65
12,12,api,300
12,12,auth,150
12,12,payment,108
12,12,database,350
12,12,report,76
12,13,api,287
12,13,auth,162
12,13,payment,126
12,13,database,351
12,13,report,92
12,14,api,281
12,14,auth,154
12,14,payment,109
12,14,database,332
12,14,report,77
12,15,api,223
12,15,auth,135
12,15,payment,96
12,15,database,259
12,15,report,78
12,16,api,237
12,16,auth,125
12,16,payment,87
12,16,database,260
12,16,report,56
12,17,api,235
12,17,auth,138
12,17,payment,105
12,17,database,265
12,17,report,48
12,18,api,226
12,18,auth,102
12,18,payment,93
12,18,database,268
12,18,report,55
12,19,api,74
12,19,auth,53
12,19,payment,30
12,19,database,96
12,19,report,0
12,20,api,89
12,20,auth,65
12,20,payment,52
12,20,database,103
12,20,report,17
12,21,api,94
12,21,auth,38
12,21,payment,39
12,21,database,115
12,21,report,36
12,22,api,88
12,22,auth,45
12,22,payment,27
12,22,database,99
12,22,report,21
12,23,api,93
12,23,auth,57
12,23,payment,27
12,23,database,122
12,23,report,21
13,0,api,89
13,0,auth,40
13,0,payment,11
13,0,database,116
13,0,report,31
13,1,api,87
13,1,auth,48
13,1,payment,41
13,1,database,92
13,1,report,18
13,2,api,97
13,2,auth,35
13,2,payment,38
13,2,database,94
13,2,report,28
13,3,api,89
13,3,auth,31
13,3,payment,47
13,3,database,100
13,3,report,15
13,4,api,92
13,4,auth,59
13,4,payment,25
13,4,database,108
13,4,report,28
13,5,api,96
13,5,auth,49
13,5,payment,32
13,5,database,99
13,5,report,24
13,6,api,79
13,6,auth,18
13,6,payment,40
13,6,database,117
13,6,report,0
13,7,api,79
13,7,auth,54
13,7,payment,56
13,7,database,108
13,7,report,16
13,8,api,88
13,8,auth,61
13,8,payment,29
13,8,database,100
13,8,report,19
13,9,api,215
13,9,auth,121
13,9,payment,106
13,9,database,273
13,9,report,57
13,10,api,222
13,10,auth,104
13,10,payment,98
13,10,database,269
13,10,report,58
13,11,api,256
13,11,auth,122
13,11,payment,82
13,11,database,265
13,11,report,71
13,12,api,293
13,12,auth,141
13,12,payment,126
13,12,database,344
13,12,report,96
13,13,api,303
13,13,auth,151
13,13,payment,129
13,13,database,351
13,13,report,86
13,14,api,297
13,14,auth,147
13,14,payment,110
13,14,database,361
13,14,report,74
13,15,api,220
13,15,auth,110
13,15,payment,94
13,15,database,290
13,15,report,49
13,16,api,225
13,16,auth,134
13,16,payment,89
13,16,database,274
13,16,report,49
13,17,api,229
13,17,auth,118
13,17,payment,99
13,17,database,281
13,17,report,85
13,18,api,230
13,18,auth,123
13,18,payment,91
13,18,database,266
13,18,report,63
13,19,api,87
13,19,auth,49
13,19,payment,49
13,19,database,97
13,19,report,35
13,20,api,103
13,20,auth,46
13,20,payment,14
13,20,database,101
13,20,report,36
13,21,api,89
13,21,auth,38
13,21,payment,30
13,21,database,116
13,21,report,29
13,22,api,87
13,22,auth,44
13,22,payment,32
13,22,database,98
13,22,report,40
13,23,api,86
13,23,auth,60
13,23,payment,51
13,23,database,117
13,23,report,19
14,0,api,94
14,0,auth,47
14,0,payment,26
14,0,database,111
14,0,report,12
14,1,api,101
14,1,auth,43
14,1,payment,38
14,1,database,110
14,1,report,21
14,2,api,95
14,2,auth,43
14,2,payment,44
14,2,database,94
14,2,report,25
14,3,api,109
14,3,auth,37
14,3,payment,29
14,3,database,113
14,3,report,25
14,4,api,93
14,4,auth,52
14,4,payment,42
14,4,database,119
14,4,report,28
14,5,api,87
14,5,auth,54
14,5,payment,54
14,5,database,106
14,5,report,14
14,6,api,101
14,6,auth,46
14,6,payment,14
14,6,database,116
14,6,report,18
14,7,api,89
14,7,auth,51
14,7,payment,37
14,7,database,115
14,7,report,19
14,8,api,95
14,8,auth,45
14,8,payment,43
14,8,database,114
14,8,report,14
14,9,api,235
14,9,auth,114
14,9,payment,98
14,9,database,273
14,9,report,78
14,10,api,222
14,10,auth,116
14,10,payment,89
14,10,database,266
14,10,report,67
14,11,api,208
14,11,auth,109
14,11,payment,79
14,11,database,279
14,11,report,77
14,12,api,291
14,12,auth,154
14,12,payment,117
14,12,database,362
14,12,report,68
14,13,api,294
14,13,auth,165
14,13,payment,122
14,13,database,352
14,13,report,88
14,14,api,265
14,14,auth,162
14,14,payment,110
14,14,database,332
14,14,report,83
14,15,api,238
14,15,auth,118
14,15,payment,99
14,15,database,286
14,15,report,73
14,16,api,241
14,16,auth,127
14,16,payment,90
14,16,database,253
14,16,report,57
14,17,api,216
14,17,auth,141
14,17,payment,88
14,17,database,271
14,17,report,65
14,18,api,225
14,18,auth,136
14,18,payment,83
14,18,database,271
14,18,report,52
14,19,api,76
14,19,auth,41
14,19,payment,35
14,19,database,103
14,19,report,17
14,20,api,75
14,20,auth,47
14,20,payment,20
14,20,database,115
14,20,report,24
14,21,api,75
14,21,auth,44
14,21,payment,28
14,21,database,111
14,21,report,37
14,22,api,71
14,22,auth,49
14,22,payment,34
14,22,database,114
14,22,report,26
14,23,api,82
14,23,auth,44
14,23,payment,28
14,23,database,118
14,23,report,24
15,0,api,109
15,0,auth,47
15,0,payment,28
15,0,database,92
15,0,report,5
15,1,api,74
15,1,auth,50
15,1,payment,41
15,1,database,92
15,1,report,32
15,2,api,85
15,2,auth,49
15,2,payment,52
15,2,database,116
15,2,report,21
15,3,api,81
15,3,auth,26
15,3,payment,28
15,3,database,105
15,3,report,14
15,4,api,88
15,4,auth,48
15,4,payment,33
15,4,database,101
15,4,report,25
15,5,api,94
15,5,auth,37
15,5,payment,50
15,5,database,107
15,5,report,24
15,6,api,97
15,6,auth,50
15,6,payment,45
15,6,database,110
15,6,report,17
15,7,api,93
15,7,auth,36
15,7,payment,37
15,7,database,107
15,7,report,21
15,8,api,88
15,8,auth,29
15,8,payment,30
15,8,database,108
15,8,report,25
15,9,api,214
15,9,auth,132
15,9,payment,81
15,9,database,279
15,9,report,64
15,10,api,218
15,10,auth,137
15,10,payment,78
15,10,database,279
15,10,report,70
15,11,api,218
15,11,auth,133
15,11,payment,87
15,11,database,272
15,11,report,62
15,12,api,291
15,12,auth,164
15,12,payment,124
15,12,database,333
15,12,report,91
15,13,api,275
15,13,auth,166
15,13,payment,128
15,13,database,340
15,13,report,73
15,14,api,281
15,14,auth,153
15,14,payment,113
15,14,database,358
15,14,report,91
15,15,api,238
15,15,auth,114
15,15,payment,87
15,15,database,253
15,15,report,51
15,16,api,234
15,16,auth,136
15,16,payment,77
15,16,database,264
15,16,report,59
15,17,api,227
15,17,auth,111
15,17,payment,94
15,17,database,265
15,17,report,59
15,18,api,230
15,18,auth,120
15,18,payment,85
15,18,database,268
15,18,report,59
15,19,api,86
15,19,auth,45
15,19,payment,51
15,19,database,113
15,19,report,21
15,20,api,96
15,20,auth,44
15,20,payment,47
15,20,database,111
15,20,report,22
15,21,api,94
15,21,auth,32
15,21,payment,24
15,21,database,96
15,21,report,25
15,22,api,107
15,22,auth,70
15,22,payment,42
15,22,database,113
15,22,report,5
15,23,api,84
15,23,auth,40
15,23,payment,29
15,23,database,106
15,23,report,19
16,0,api,70
16,0,auth,55
16,0,payment,25
16,0,database,110
16,0,report,44
16,1,api,80
16,1,auth,22
16,1,payment,33
16,1,database,119
16,1,report,43
16,2,api,77
16,2,auth,52
16,2,payment,31
16,2,database,106
16,2,report,50
16,3,api,74
16,3,auth,50
16,3,payment,40
16,3,database,118
16,3,report,24
16,4,api,93
16,4,auth,44
16,4,payment,38
16,4,database,104
16,4,report,30
16,5,api,86
16,5,auth,51
16,5,payment,35
16,5,database,119
16,5,report,23
16,6,api,72
16,6,auth,60
16,6,payment,26
16,6,database,101
16,6,report,18
16,7,api,103
16,7,auth,26
16,7,payment,67
16,7,database,118
16,7,report,26
16,8,api,89
16,8,auth,50
16,8,payment,41
16,8,database,114
16,8,report,29
16,9,api,225
16,9,auth,118
16,9,payment,88
16,9,database,268
16,9,report,71
16,10,api,230
16,10,auth,90
16,10,payment,96
16,10,database,271
16,10,report,59
16,11,api,221
16,11,auth,131
16,11,payment,99
16,11,database,262
16,11,report,64
16,12,api,282
16,12,auth,142
16,12,payment,110
16,12,database,359
16,12,report,87
16,13,api,297
16,13,auth,163
16,13,payment,122
16,13,database,344
16,13,report,82
16,14,api,300
16,14,auth,163
16,14,payment,128
16,14,database,358
16,14,report,81
16,15,api,235
16,15,auth,119
16,15,payment,81
16,15,database,268
16,15,report,52
16,16,api,218
16,16,auth,118
16,16,payment,82
16,16,database,266
16,16,report,41
16,17,api,227
16,17,auth,120
16,17,payment,81
16,17,database,276
16,17,report,69
16,18,api,208
16,18,auth,112
16,18,payment,82
16,18,database,260
16,18,report,68
16,19,api,88
16,19,auth,45
16,19,payment,15
16,19,database,114
16,19,report,11
16,20,api,90
16,20,auth,50
16,20,payment,49
16,20,database,94
16,20,report,0
16,21,api,91
16,21,auth,66
16,21,payment,48
16,21,database,110
16,21,report,19
16,22,api,98
16,22,auth,38
16,22,payment,40
16,22,database,113
16,22,report,34
16,23,api,117
16,23,auth,51
16,23,payment,30
16,23,database,107
16,23,report,6
17,0,api,83
17,0,auth,43
17,0,payment,30
17,0,database,109
17,0,report,15
17,1,api,101
17,1,auth,48
17,1,payment,35
17,1,database,104
17,1,report,25
17,2,api,98
17,2,auth,39
17,2,payment,29
17,2,database,104
17,2,report,10
17,3,api,81
17,3,auth,43
17,3,payment,44
17,3,database,110
17,3,report,25
17,4,api,98
17,4,auth,46
17,4,payment,39
17,4,database,106
17,4,report,26
17,5,api,84
17,5,auth,23
17,5,payment,34
17,5,database,122
17,5,report,33
17,6,api,99
17,6,auth,60
17,6,payment,36
17,6,database,109
17,6,report,17
17,7,api,86
17,7,auth,54
17,7,payment,48
17,7,database,106
17,7,report,19
17,8,api,90
17,8,auth,54
17,8,payment,21
17,8,database,85
17,8,report,18
17,9,api,212
17,9,auth,114
17,9,payment,88
17,9,database,265
17,9,report,74
17,10,api,228
17,10,auth,123
17,10,payment,96
17,10,database,258
17,10,report,70
17,11,api,224
17,11,auth,126
17,11,payment,79
17,11,database,254
17,11,report,68
17,12,api,296
17,12,auth,146
17,12,payment,108
17,12,database,362
17,12,report,66
17,13,api,308
17,13,auth,146
17,13,payment,123
17,13,database,347
17,13,report,84
17,14,api,287
17,14,auth,154
17,14,payment,117
17,14,database,340
17,14,report,85
17,15,api,219
17,15,auth,117
17,15,payment,80
17,15,database,244
17,15,report,58
17,16,api,249
17,16,auth,127
17,16,payment,89
17,16,database,267
17,16,report,60
17,17,api,230
17,17,auth,108
17,17,payment,101
17,17,database,277
17,17,report,67
17,18,api,229
17,18,auth,120
17,18,payment,96
17,18,database,275
17,18,report,56
17,19,api,84
17,19,auth,49
17,19,payment,51
17,19,database,95
17,19,report,9
17,20,api,91
17,20,auth,48
17,20,payment,37
17,20,database,110
17,20,report,21
17,21,api,104
17,21,auth,31
17,21,payment,27
17,21,database,106
17,21,report,7
17,22,api,88
17,22,auth,64
17,22,payment,36
17,22,database,110
17,22,report,11
17,23,api,83
17,23,auth,44
17,23,payment,32
17,23,database,120
17,23,report,29
18,0,api,78
18,0,auth,50
18,0,payment,40
18,0,database,119
18,0,report,39
18,1,api,79
18,1,auth,39
18,1,payment,23
18,1,database,105
18,1,report,28
18,2,api,99
18,2,auth,47
18,2,payment,32
18,2,database,109
18,2,report,15
18,3,api,110
18,3,auth,31
18,3,payment,37
18,3,database,128
18,3,report,24
18,4,api,88
18,4,auth,44
18,4,payment,34
18,4,database,121
18,4,report,1
18,5,api,105
18,5,auth,33
18,5,payment,33
18,5,database,103
18,5,report,29
18,6,api,74
18,6,auth,52
18,6,payment,56
18,6,database,94
18,6,report,25
18,7,api,83
18,7,auth,52
18,7,payment,36
18,7,database,101
18,7,report,28
18,8,api,108
18,8,auth,46
18,8,payment,43
18,8,database,95
18,8,report,14
18,9,api,229
18,9,auth,134
18,9,payment,93
18,9,database,266
18,9,report,59
18,10,api,212
18,10,auth,126
18,10,payment,98
18,10,database,265
18,10,report,55
18,11,api,227
18,11,auth,115
18,11,payment,89
18,11,database,290
18,11,report,57
18,12,api,288
18,12,auth,149
18,12,payment,124
18,12,database,349
18,12,report,71
18,13,api,305
18,13,auth,170
18,13,payment,110
18,13,database,332
18,13,report,88
18,14,api,285
18,14,auth,163
18,14,payment,97
18,14,database,359
18,14,report,65
18,15,api,232
18,15,auth,120
18,15,payment,80
18,15,database,265
18,15,report,66
18,16,api,226
18,16,auth,125
18,16,payment,109
18,16,database,254
18,16,report,76
18,17,api,226
18,17,auth,111
18,17,payment,76
18,17,database,268
18,17,report,69
18,18,api,223
18,18,auth,135
18,18,payment,75
18,18,database,269
18,18,report,47
18,19,api,93
18,19,auth,56
18,19,payment,31
18,19,database,81
18,19,report,25
18,20,api,94
18,20,auth,52
18,20,payment,48
18,20,database,97
18,20,report,30
18,21,api,101
18,21,auth,30
18,21,payment,39
18,21,database,102
18,21,report,23
18,22,api,93
18,22,auth,43
18,22,payment,29
18,22,database,108
18,22,report,13
18,23,api,79
18,23,auth,54
18,23,payment,24
18,23,database,114
18,23,report,28
19,0,api,72
19,0,auth,41
19,0,payment,47
19,0,database,98
19,0,report,19
19,1,api,94
19,1,auth,55
19,1,payment,33
19,1,database,102
19,1,report,38
19,2,api,107
19,2,auth,57
19,2,payment,36
19,2,database,99
19,2,report,15
19,3,api,95
19,3,auth,52
19,3,payment,50
19,3,database,114
19,3,report,8
19,4,api,100
19,4,auth,38
19,4,payment,32
19,4,database,110
19,4,report,43
19,5,api,121
19,5,auth,54
19,5,payment,34
19,5,database,113
19,5,report,32
19,6,api,86
19,6,auth,65
19,6,payment,38
19,6,database,112
19,6,report,30
19,7,api,94
19,7,auth,56
19,7,payment,29
19,7,database,102
19,7,report,12
19,8,api,94
19,8,auth,55
19,8,payment,40
19,8,database,124
19,8,report,23
19,9,api,231
19,9,auth,109
19,9,payment,86
19,9,database,276
19,9,report,68
19,10,api,222
19,10,auth,119
19,10,payment,74
19,10,database,266
19,10,report,68
19,11,api,230
19,11,auth,125
19,11,payment,90
19,11,database,270
19,11,report,53
19,12,api,299
19,12,auth,160
19,12,payment,121
19,12,database,345
19,12,report,56
19,13,api,303
19,13,auth,151
19,13,payment,108
19,13,database,357
19,13,report,74
19,14,api,303
19,14,auth,162
19,14,payment,123
19,14,database,337
19,14,report,90
19,15,api,227
19,15,auth,116
19,15,payment,91
19,15,database,252
19,15,report,64
19,16,api,214
19,16,auth,106
19,16,payment,74
19,16,database,281
19,16,report,53
19,17,api,240
19,17,auth,114
19,17,payment,72
19,17,database,258
19,17,report,72
19,18,api,223
19,18,auth,114
19,18,payment,91
19,18,database,275
19,18,report,71
19,19,api,104
19,19,auth,44
19,19,payment,22
19,19,database,103
19,19,report,26
19,20,api,80
19,20,auth,38
19,20,payment,39
19,20,database,107
19,20,report,24
19,21,api,82
19,21,auth,45
19,21,payment,26
19,21,database,116
19,21,report,34
19,22,api,71
19,22,auth,38
19,22,payment,21
19,22,database,101
19,22,report,23
19,23,api,75
19,23,auth,38
19,23,payment,25
19,23,database,110
19,23,report,24
20,0,api,82
20,0,auth,49
20,0,payment,30
20,0,database,105
20,0,report,40
20,1,api,103
20,1,auth,35
20,1,payment,44
20,1,database,116
20,1,report,12
20,2,api,98
20,2,auth,63
20,2,payment,24
20,2,database,98
20,2,report,34
20,3,api,92
20,3,auth,53
20,3,payment,39
20,3,database,111
20,3,report,10
20,4,api,100
20,4,auth,59
20,4,payment,33
20,4,database,107
20,4,report,8
20,5,api,95
20,5,auth,53
20,5,payment,35
20,5,database,119
20,5,report,20
20,6,api,95
20,6,auth,37
20,6,payment,35
20,6,database,106
20,6,report,26
20,7,api,86
20,7,auth,46
20,7,payment,44
20,7,database,103
20,7,report,7
20,8,api,107
20,8,auth,61
20,8,payment,23
20,8,database,114
20,8,report,18
20,9,api,227
20,9,auth,122
20,9,payment,87
20,9,database,262
20,9,report,53
20,10,api,215
20,10,auth,111
20,10,payment,89
20,10,database,262
20,10,report,66
20,11,api,239
20,11,auth,114
20,11,payment,92
20,11,database,274
20,11,report,64
20,12,api,293
20,12,auth,163
20,12,payment,121
20,12,database,338
20,12,report,86
20,13,api,301
20,13,auth,148
20,13,payment,117
20,13,database,357
20,13,report,75
20,14,api,303
20,14,auth,179
20,14,payment,109
20,14,database,337
20,14,report,81
20,15,api,232
20,15,auth,117
20,15,payment,104
20,15,database,256
20,15,report,66
20,16,api,218
20,16,auth,137
20,16,payment,109
20,16,database,262
20,16,report,54
20,17,api,233
20,17,auth,116
20,17,payment,89
20,17,database,270
20,17,report,40
20,18,api,224
20,18,auth,113
20,18,payment,85
20,18,database,284
20,18,report,47
20,19,api,98
20,19,auth,45
20,19,payment,33
20,19,database,115
20,19,report,27
20,20,api,95
20,20,auth,57
20,20,payment,32
20,20,database,101
20,20,report,13
20,21,api,81
20,21,auth,77
20,21,payment,48
20,21,database,94
20,21,report,10
20,22,api,94
20,22,auth,53
20,22,payment,41
20,22,database,105
20,22,report,22
20,23,api,93
20,23,auth,48
20,23,payment,13
20,23,database,105
20,23,report,15
21,0,api,91
21,0,auth,77
21,0,payment,39
21,0,database,104
21,0,report,33
21,1,api,94
21,1,auth,52
21,1,payment,42
21,1,database,128
21,1,report,12
21,2,api,94
21,2,auth,38
21,2,payment,41
21,2,database,98
21,2,report,19
21,3,api,87
21,3,auth,57
21,3,payment,45
21,3,database,95
21,3,report,24
21,4,api,82
21,4,auth,35
21,4,payment,33
21,4,database,104
21,4,report,48
21,5,api,94
21,5,auth,34
21,5,payment,30
21,5,database,118
21,5,report,44
21,6,api,74
21,6,auth,29
21,6,payment,54
21,6,database,111
21,6,report,15
21,7,api,95
21,7,auth,21
21,7,payment,36
21,7,database,111
21,7,report,33
21,8,api,79
21,8,auth,48
21,8,payment,26
21,8,database,110
21,8,report,15
21,9,api,220
21,9,auth,110
21,9,payment,96
21,9,database,278
21,9,report,57
21,10,api,225
21,10,auth,105
21,10,payment,87
21,10,database,269
21,10,report,86
21,11,api,213
21,11,auth,134
21,11,payment,99
21,11,database,272
21,11,report,77
21,12,api,296
21,12,auth,159
21,12,payment,116
21,12,database,363
21,12,report,88
21,13,api,286
21,13,auth,142
21,13,payment,114
21,13,database,342
21,13,report,77
21,14,api,304
21,14,auth,151
21,14,payment,116
21,14,database,351
21,14,report,86
21,15,api,202
21,15,auth,113
21,15,payment,92
21,15,database,282
21,15,report,55
21,16,api,206
21,16,auth,126
21,16,payment,83
21,16,database,258
21,16,report,53
21,17,api,223
21,17,auth,113
21,17,payment,67
21,17,database,278
21,17,report,72
21,18,api,231
21,18,auth,108
21,18,payment,87
21,18,database,269
21,18,report,65
21,19,api,96
21,19,auth,40
21,19,payment,36
21,19,database,112
21,19,report,38
21,20,api,97
21,20,auth,55
21,20,payment,36
21,20,database,122
21,20,report,28
21,21,api,81
21,21,auth,62
21,21,payment,42
21,21,database,103
21,21,report,19
21,22,api,92
21,22,auth,52
21,22,payment,37
21,22,database,111
21,22,report,40
21,23,api,100
21,23,auth,49
21,23,payment,45
21,23,database,97
21,23,report,27
22,0,api,108
22,0,auth,45
22,0,payment,27
22,0,database,101
22,0,report,13
22,1,api,82
22,1,auth,44
22,1,payment,21
22,1,database,108
22,1,report,33
22,2,api,80
22,2,auth,63
22,2,payment,41
22,2,database,118
22,2,report,17
22,3,api,98
22,3,auth,37
22,3,payment,44
22,3,database,109
22,3,report,29
22,4,api,78
22,4,auth,39
22,4,payment,41
22,4,database,98
22,4,report,28
22,5,api,76
22,5,auth,56
22,5,payment,23
22,5,database,113
22,5,report,30
22,6,api,83
22,6,auth,53
22,6,payment,38
22,6,database,102
22,6,report,13
22,7,api,70
22,7,auth,51
22,7,payment,20
22,7,database,108
22,7,report,21
22,8,api,96
22,8,auth,44
22,8,payment,32
22,8,database,115
22,8,report,27
22,9,api,228
22,9,auth,124
22,9,payment,74
22,9,database,277
22,9,report,66
22,10,api,214
22,10,auth,117
22,10,payment,89
22,10,database,268
22,10,report,63
22,11,api,239
22,11,auth,130
22,11,payment,76
22,11,database,276
22,11,report,73
22,12,api,296
22,12,auth,166
22,12,payment,137
22,12,database,361
22,12,report,80
22,13,api,302
22,13,auth,157
22,13,payment,117
22,13,database,347
22,13,report,93
22,14,api,284
22,14,auth,171
22,14,payment,121
22,14,database,337
22,14,report,81
22,15,api,203
22,15,auth,126
22,15,payment,98
22,15,database,264
22,15,report,61
22,16,api,244
22,16,auth,114
22,16,payment,79
22,16,database,284
22,16,report,79
22,17,api,225
22,17,auth,130
22,17,payment,103
22,17,database,262
22,17,report,55
22,18,api,237
22,18,auth,136
22,18,payment,95
22,18,database,261
22,18,report,79
22,19,api,84
22,19,auth,44
22,19,payment,39
22,19,database,123
22,19,report,32
22,20,api,94
22,20,auth,52
22,20,payment,36
22,20,database,113
22,20,report,0
22,21,api,87
22,21,auth,50
22,21,payment,24
22,21,database,111
22,21,report,21
22,22,api,107
22,22,auth,63
22,22,payment,31
22,22,database,106
22,22,report,23
22,23,api,85
22,23,auth,49
22,23,payment,28
22,23,database,96
22,23,report,30
23,0,api,96
23,0,auth,39
23,0,payment,44
23,0,database,101
23,0,report,26
23,1,api,98
23,1,auth,47
23,1,payment,40
23,1,database,102
23,1,report,22
23,2,api,87
23,2,auth,40
23,2,payment,34
23,2,database,92
23,2,report,19
23,3,api,87
23,3,auth,45
23,3,payment,33
23,3,database,107
23,3,report,28
23,4,api,98
23,4,auth,41
23,4,payment,23
23,4,database,97
23,4,report,19
23,5,api,86
23,5,auth,40
23,5,payment,23
23,5,database,103
23,5,report,25
23,6,api,95
23,6,auth,42
23,6,payment,31
23,6,database,98
23,6,report,23
23,7,api,81
23,7,auth,53
23,7,payment,18
23,7,database,104
23,7,report,27
23,8,api,91
23,8,auth,74
23,8,payment,39
23,8,database,97
23,8,report,23
23,9,api,207
23,9,auth,119
23,9,payment,81
23,9,database,279
23,9,report,54
23,10,api,223
23,10,auth,113
23,10,payment,107
23,10,database,266
23,10,report,78
23,11,api,233
23,11,auth,124
23,11,payment,93
23,11,database,273
23,11,report,40
23,12,api,289
23,12,auth,164
23,12,payment,116
23,12,database,336
23,12,report,77
23,13,api,309
23,13,auth,168
23,13,payment,116
23,13,database,360
23,13,report,74
23,14,api,275
23,14,auth,146
23,14,payment,132
23,14,database,348
23,14,report,75
23,15,api,222
23,15,auth,139
23,15,payment,106
23,15,database,292
23,15,report,58
23,16,api,227
23,16,auth,104
23,16,payment,104
23,16,database,258
23,16,report,62
23,17,api,214
23,17,auth,114
23,17,payment,81
23,17,database,263
23,17,report,54
23,18,api,219
23,18,auth,128
23,18,payment,78
23,18,database,272
23,18,report,72
23,19,api,84
23,19,auth,40
23,19,payment,33
23,19,database,119
23,19,report,25
23,20,api,84
23,20,auth,52
23,20,payment,24
23,20,database,114
23,20,report,28
23,21,api,86
23,21,auth,39
23,21,payment,27
23,21,database,113
23,21,report,36
23,22,api,83
23,22,auth,52
23,22,payment,15
23,22,database,102
23,22,report,23
23,23,api,80
23,23,auth,38
23,23,payment,29
23,23,database,110
23,23,report,22
24,0,api,67
24,0,auth,26
24,0,payment,29
24,0,database,112
24,0,report,0
24,1,api,85
24,1,auth,42
24,1,payment,49
24,1,database,104
24,1,report,27
24,2,api,91
24,2,auth,26
24,2,payment,43
24,2,database,110
24,2,report,29
24,3,api,129
24,3,auth,27
24,3,payment,53
24,3,database,105
24,3,report,26
24,4,api,89
24,4,auth,43
24,4,payment,30
24,4,database,111
24,4,report,8
24,5,api,97
24,5,auth,43
24,5,payment,24
24,5,database,103
24,5,report,36
24,6,api,84
24,6,auth,51
24,6,payment,28
24,6,database,115
24,6,report,30
24,7,api,108
24,7,auth,46
24,7,payment,42
24,7,database,108
24,7,report,36
24,8,api,82
24,8,auth,55
24,8,payment,34
24,8,database,107
24,8,report,24
24,9,api,227
24,9,auth,118
24,9,payment,92
24,9,database,285
24,9,report,69
24,10,api,233
24,10,auth,115
24,10,payment,81
24,10,database,279
24,10,report,68
24,11,api,239
24,11,auth,113
24,11,payment,87
24,11,database,253
24,11,report,56
24,12,api,302
24,12,auth,151
24,12,payment,123
24,12,database,349
24,12,report,81
24,13,api,281
24,13,auth,156
24,13,payment,87
24,13,database,349
24,13,report,61
24,14,api,304
24,14,auth,163
24,14,payment,121
24,14,database,366
24,14,report,68
24,15,api,242
24,15,auth,129
24,15,payment,87
24,15,database,281
24,15,report,48
24,16,api,216
24,16,auth,113
24,16,payment,84
24,16,database,259
24,16,report,72
24,17,api,222
24,17,auth,123
24,17,payment,84
24,17,database,251
24,17,report,62
24,18,api,205
24,18,auth,119
24,18,payment,76
24,18,database,289
24,18,report,69
24,19,api,91
24,19,auth,60
24,19,payment,27
24,19,database,113
24,19,report,25
24,20,api,92
24,20,auth,60
24,20,payment,43
24,20,database,110
24,20,report,7
24,21,api,80
24,21,auth,46
24,21,payment,36
24,21,database,96
24,21,report,48
24,22,api,105
24,22,auth,54
24,22,payment,36
24,22,database,105
24,22,report,14
24,23,api,90
24,23,auth,50
24,23,payment,23
24,23,database,111
24,23,report,22
25,0,api,70
25,0,auth,39
25,0,payment,31
25,0,database,126
25,0,report,29
25,1,api,76
25,1,auth,52
25,1,payment,20
25,1,database,118
25,1,report,19
25,2,api,89
25,2,auth,61
25,2,payment,23
25,2,database,94
25,2,report,18
25,3,api,100
25,3,auth,32
25,3,payment,7
25,3,database,103
25,3,report,29
25,4,api,102
25,4,auth,43
25,4,payment,31
25,4,database,119
25,4,report,5
25,5,api,86
25,5,auth,49
25,5,payment,40
25,5,database,102
25,5,report,24
25,6,api,65
25,6,auth,41
25,6,payment,40
25,6,database,98
25,6,report,24
25,7,api,94
25,7,auth,44
25,7,payment,37
25,7,database,98
25,7,report,21
25,8,api,96
25,8,auth,49
25,8,payment,30
25,8,database,110
25,8,report,31
25,9,api,204
25,9,auth,131
25,9,payment,86
25,9,database,274
25,9,report,71
25,10,api,211
25,10,auth,112
25,10,payment,87
25,10,database,262
25,10,report,77
25,11,api,216
25,11,auth,114
25,11,payment,92
25,11,database,257
25,11,report,56
25,12,api,295
25,12,auth,152
25,12,payment,116
25,12,database,345
25,12,report,62
25,13,api,295
25,13,auth,173
25,13,payment,117
25,13,database,353
25,13,report,84
25,14,api,279
25,14,auth,173
25,14,payment,119
25,14,database,367
25,14,report,70
25,15,api,243
25,15,auth,127
25,15,payment,95
25,15,database,272
25,15,report,57
25,16,api,237
25,16,auth,121
25,16,payment,70
25,16,database,258
25,16,report,58
25,17,api,228
25,17,auth,119
25,17,payment,102
25,17,database,250
25,17,report,61
25,18,api,206
25,18,auth,127
25,18,payment,89
25,18,database,274
25,18,report,51
25,19,api,102
25,19,auth,58
25,19,payment,41
25,19,database,106
25,19,report,29
25,20,api,82
25,20,auth,56
25,20,payment,52
25,20,database,118
25,20,report,16
25,21,api,93
25,21,auth,35
25,21,payment,41
25,21,database,112
25,21,report,5
25,22,api,78
25,22,auth,45
25,22,payment,32
25,22,database,95
25,22,report,27
25,23,api,92
25,23,auth,46
25,23,payment,28
25,23,database,118
25,23,report,40
26,0,api,85
26,0,auth,41
26,0,payment,40
26,0,database,104
26,0,report,22
26,1,api,97
26,1,auth,28
26,1,payment,49
26,1,database,108
26,1,report,19
26,2,api,89
26,2,auth,47
26,2,payment,18
26,2,database,122
26,2,report,24
26,3,api,94
26,3,auth,57
26,3,payment,25
26,3,database,112
26,3,report,21
26,4,api,98
26,4,auth,26
26,4,payment,35
26,4,database,101
26,4,report,28
26,5,api,94
26,5,auth,40
26,5,payment,28
26,5,database,106
26,5,report,15
26,6,api,98
26,6,auth,44
26,6,payment,6
26,6,database,104
26,6,report,13
26,7,api,73
26,7,auth,35
26,7,payment,37
26,7,database,121
26,7,report,27
26,8,api,83
26,8,auth,52
26,8,payment,31
26,8,database,101
26,8,report,12
26,9,api,207
26,9,auth,116
26,9,payment,91
26,9,database,269
26,9,report,55
26,10,api,215
26,10,auth,126
26,10,payment,76
26,10,database,277
26,10,report,49
26,11,api,217
26,11,auth,105
26,11,payment,84
26,11,database,279
26,11,report,65
26,12,api,302
26,12,auth,161
26,12,payment,105
26,12,database,347
26,12,report,70
26,13,api,305
26,13,auth,144
26,13,payment,125
26,13,database,359
26,13,report,96
26,14,api,288
26,14,auth,163
26,14,payment,139
26,14,database,344
26,14,report,62
26,15,api,206
26,15,auth,127
26,15,payment,71
26,15,database,266
26,15,report,64
26,16,api,226
26,16,auth,124
26,16,payment,92
26,16,database,282
26,16,report,50
26,17,api,218
26,17,auth,112
26,17,payment,98
26,17,database,279
26,17,report,64
26,18,api,236
26,18,auth,108
26,18,payment,106
26,18,database,285
26,18,report,67
26,19,api,107
26,19,auth,31
26,19,payment,30
26,19,database,100
26,19,report,31
26,20,api,79
26,20,auth,55
26,20,payment,49
26,20,database,114
26,20,report,26
26,21,api,80
26,21,auth,39
26,21,payment,48
26,21,database,115
26,21,report,23
26,22,api,85
26,22,auth,27
26,22,payment,25
26,22,database,127
26,22,report,11
26,23,api,91
26,23,auth,58
26,23,payment,23
26,23,database,109
26,23,report,33
27,0,api,90
27,0,auth,76
27,0,payment,19
27,0,database,118
27,0,report,22
27,1,api,97
27,1,auth,52
27,1,payment,28
27,1,database,110
27,1,report,5
27,2,api,96
27,2,auth,50
27,2,payment,42
27,2,database,118
27,2,report,27
27,3,api,91
27,3,auth,39
27,3,payment,28
27,3,database,119
27,3,report,38
27,4,api,87
27,4,auth,48
27,4,payment,26
27,4,database,119
27,4,report,30
27,5,api,109
27,5,auth,39
27,5,payment,32
27,5,database,110
27,5,report,30
27,6,api,87
27,6,auth,39
27,6,payment,44
27,6,database,115
27,6,report,14
27,7,api,103
27,7,auth,59
27,7,payment,37
27,7,database,108
27,7,report,29
27,8,api,81
27,8,auth,48
27,8,payment,14
27,8,database,116
27,8,report,8
27,9,api,240
27,9,auth,116
27,9,payment,87
27,9,database,263
27,9,report,57
27,10,api,239
27,10,auth,95
27,10,payment,102
27,10,database,273
27,10,report,47
27,11,api,214
27,11,auth,136
27,11,payment,80
27,11,database,258
27,11,report,71
27,12,api,295
27,12,auth,146
27,12,payment,119
27,12,database,340
27,12,report,89
27,13,api,303
27,13,auth,161
27,13,payment,120
27,13,database,368
27,13,report,77
27,14,api,280
27,14,auth,160
27,14,payment,137
27,14,database,340
27,14,report,74
27,15,api,229
27,15,auth,119
27,15,payment,80
27,15,database,281
27,15,report,83
27,16,api,226
27,16,auth,110
27,16,payment,74
27,16,database,272
27,16,report,71
27,17,api,229
27,17,auth,119
27,17,payment,84
27,17,database,259
27,17,report,68
27,18,api,234
27,18,auth,104
27,18,payment,105
27,18,database,275
27,18,report,73
27,19,api,76
27,19,auth,34
27,19,payment,34
27,19,database,113
27,19,report,41
27,20,api,97
27,20,auth,45
27,20,payment,25
27,20,database,120
27,20,report,14
27,21,api,106
27,21,auth,45
27,21,payment,51
27,21,database,114
27,21,report,22
27,22,api,84
27,22,auth,44
27,22,payment,40
27,22,database,108
27,22,report,18
27,23,api,88
27,23,auth,48
27,23,payment,14
27,23,database,112
27,23,report,14
28,0,api,78
28,0,auth,31
28,0,payment,18
28,0,database,94
28,0,report,16
28,1,api,109
28,1,auth,42
28,1,payment,37
28,1,database,112
28,1,report,25
28,2,api,89
28,2,auth,36
28,2,payment,50
28,2,database,126
28,2,report,7
28,3,api,79
28,3,auth,45
28,3,payment,26
28,3,database,113
28,3,report,16
28,4,api,111
28,4,auth,59
28,4,payment,38
28,4,database,118
28,4,report,35
28,5,api,84
28,5,auth,39
28,5,payment,36
28,5,database,116
28,5,report,25
28,6,api,74
28,6,auth,39
28,6,payment,35
28,6,database,107
28,6,report,43
28,7,api,76
28,7,auth,53
28,7,payment,50
28,7,database,130
28,7,report,19
28,8,api,94
28,8,auth,53
28,8,payment,37
28,8,database,107
28,8,report,28
28,9,api,199
28,9,auth,126
28,9,payment,91
28,9,database,267
28,9,report,80
28,10,api,218
28,10,auth,115
28,10,payment,109
28,10,database,261
28,10,report,54
28,11,api,223
28,11,auth,128
28,11,payment,92
28,11,database,257
28,11,report,54
28,12,api,286
28,12,auth,155
28,12,payment,121
28,12,database,355
28,12,report,60
28,13,api,303
28,13,auth,158
28,13,payment,130
28,13,database,355
28,13,report,89
28,14,api,297
28,14,auth,169
28,14,payment,122
28,14,database,350
28,14,report,100
28,15,api,233
28,15,auth,125
28,15,payment,77
28,15,database,257
28,15,report,62
28,16,api,226
28,16,auth,113
28,16,payment,91
28,16,database,285
28,16,report,66
28,17,api,213
28,17,auth,118
28,17,payment,81
28,17,database,266
28,17,report,55
28,18,api,220
28,18,auth,107
28,18,payment,88
28,18,database,264
28,18,report,30
28,19,api,110
28,19,auth,58
28,19,payment,32
28,19,database,108
28,19,report,12
28,20,api,106
28,20,auth,66
28,20,payment,37
28,20,database,118
28,20,report,25
28,21,api,76
28,21,auth,43
28,21,payment,37
28,21,database,103
28,21,report,21
28,22,api,89
28,22,auth,47
28,22,payment,36
28,22,database,97
28,22,report,16
28,23,api,77
28,23,auth,57
28,23,payment,14
28,23,database,119
28,23,report,37
29,0,api,86
29,0,auth,21
29,0,payment,32
29,0,database,107
29,0,report,13
29,1,api,84
29,1,auth,63
29,1,payment,42
29,1,database,98
29,1,report,8
29,2,api,86
29,2,auth,45
29,2,payment,40
29,2,database,102
29,2,report,29
29,3,api,109
29,3,auth,56
29,3,payment,35
29,3,database,106
29,3,report,20
29,4,api,101
29,4,auth,41
29,4,payment,36
29,4,database,108
29,4,report,18
29,5,api,76
29,5,auth,51
29,5,payment,35
29,5,database,113
29,5,report,18
29,6,api,102
29,6,auth,39
29,6,payment,53
29,6,database,90
29,6,report,28
29,7,api,94
29,7,auth,40
29,7,payment,40
29,7,database,120
29,7,report,1
29,8,api,95
29,8,auth,23
29,8,payment,26
29,8,database,124
29,8,report,18
29,9,api,213
29,9,auth,118
29,9,payment,110
29,9,database,251
29,9,report,49
29,10,api,239
29,10,auth,138
29,10,payment,88
29,10,database,257
29,10,report,80
29,11,api,240
29,11,auth,126
29,11,payment,81
29,11,database,269
29,11,report,58
29,12,api,295
29,12,auth,170
29,12,payment,125
29,12,database,340
29,12,report,91
29,13,api,295
29,13,auth,162
29,13,payment,131
29,13,database,339
29,13,report,77
29,14,api,287
29,14,auth,140
29,14,payment,120
29,14,database,376
29,14,report,59
29,15,api,224
29,15,auth,126
29,15,payment,91
29,15,database,268
29,15,report,47
29,16,api,227
29,16,auth,112
29,16,payment,68
29,16,database,281
29,16,report,69
29,17,api,225
29,17,auth,122
29,17,payment,100
29,17,database,272
29,17,report,69
29,18,api,222
29,18,auth,133
29,18,payment,93
29,18,database,271
29,18,report,47
29,19,api,92
29,19,auth,39
29,19,payment,29
29,19,database,99
29,19,report,13
29,20,api,111
29,20,auth,61
29,20,payment,55
29,20,database,95
29,20,report,24
29,21,api,77
29,21,auth,41
29,21,payment,26
29,21,database,120
29,21,report,20
29,22,api,100
29,22,auth,54
29,22,payment,59
29,22,database,93
29,22,report,36
29,23,api,101
29,23,auth,38
29,23,payment,46
29,23,database,111
29,23,report,21
